{
  "$schema": "https://raw.githubusercontent.com/grafana/grafana/main/docs/sources/developers/plugins/plugin.schema.json",
  "type": "app",
  "name": "Explore Logs",
  "id": "grafana-lokiexplore-app",
  "autoEnabled": true,
  "info": {
    "keywords": ["app", "loki", "explore", "logs"],
    "description": "Query-less exploration of log data stored in Loki",
    "author": {
      "name": "Grafana"
    },
    "logos": {
      "small": "img/logo.svg",
      "large": "img/logo.svg"
    },
    "screenshots": [
      {
        "name": "patterns",
        "path": "img/patterns.png"
      },
      {
        "name": "fields",
        "path": "img/fields.png"
      },
      {
        "name": "table",
        "path": "img/table.png"
      }
    ],
    "version": "1.0.2",
    "updated": "2024-10-24",
    "links": [
      {
        "name": "Github",
        "url": "https://github.com/grafana/explore-logs"
      },
      {
        "name": "Report bug",
        "url": "https://github.com/grafana/explore-logs/issues/new"
      }
    ]
  },
  "includes": [
    {
      "type": "page",
      "name": "Logs",
      "path": "/a/grafana-lokiexplore-app/explore",
      "action": "datasources:explore",
      "addToNav": true,
      "defaultNav": true
    }
  ],
  "roles": [],
  "dependencies": {
    "grafanaDependency": ">=11.3.0",
    "plugins": []
  },
  "preload": true,
  "extensions": {
    "addedLinks": [
      {
        "targets": ["grafana/dashboard/panel/menu", "grafana/explore/toolbar/action"],
        "title": "Open in Explore Logs",
        "description": "Open current query in the Explore Logs view"
      }
    ]
  }
}
